{"GameOptions":[{"DisplayOption":0,"DisplayHeight":1080,"DisplayWidth":1920,"EnvironmentFXVolume":0.11773436516523361,"GameMusicVolume":0.18277473747730256,"IsHUDVisible":false,"IsMuted":false,"MasterVolume":0.0,"SoundFXVolume":0.16553644835948945,"UIVolume":0.14815731346607209}]}