{"GameOptions":[{"DisplayOption":0,"DisplayHeight":720,"DisplayWidth":1080,"EnvironmentFXVolume":0.18944400548934937,"GameMusicVolume":0.18277473747730256,"IsHUDVisible":false,"IsMuted":false,"MasterVolume":0.0,"SoundFXVolume":0.28544047474861147,"UIVolume":0.2615668475627899}]}