{"GameOptions":[{"DisplayOption":0,"DisplayHeight":0,"DisplayWidth":0,"EnvironmentFXVolume":0.47251003980636599,"GameMusicVolume":0.7137315273284912,"IsHUDVisible":false,"IsMuted":false,"MasterVolume":0.0,"SoundFXVolume":0.3248234689235687,"UIVolume":0.7949592471122742}]}